Full Name,Email Address,Phone Number,Company Name,City,State,Country,Lead Status,Source,Description,Created Date
William Joshi,william.joshi1@example.com,+52513363333,HyperLoop Tech,Austin,Massachusetts,USA,Did Not Connect,Twitter,Comparing with competitor,2024-07-09
Diya Smith,diya.smith2@example.com,+76184577234,QuantumLeap AI,Bangalore,Tamil Nadu,India,Converted,Email Campaign,,2024-09-05
Sophia Smith,sophia.smith3@example.com,+13776248441,KnowledgeHub,Mumbai,Maharashtra,India,Warm Lead,Email Campaign,Renewal coming up next month,2025-02-01
Mia Garcia,mia.garcia4@example.com,+27943606459,FutureStack,Chennai,Telangana,India,Good Lead - Follow Up,Instagram,Requested proposal,2024-06-20
Ishaan Sharma,ishaan.sharma5@example.com,+31617463571,DataSphere Analytics,Chicago,Illinois,USA,Good Lead - Follow Up,Twitter,,2025-06-01
Aarav Sharma,aarav.sharma6@example.com,+61319221626,NeuralNet Corp,Chicago,Illinois,USA,Sale Done,Instagram,,2025-02-13
Emma Malhotra,emma.malhotra7@example.com,+86277615945,TechVista Solutions,Tokyo,Tokyo,Japan,Interested,Website,Renewal coming up next month,2024-02-13
Mia Joshi,mia.joshi8@example.com,+26315615553,PixelPerfect,Toronto,Ontario,Canada,Cold Lead,Twitter,"Budget approved, ready to buy",2025-12-19
Aisha Thompson,aisha.thompson9@example.com,+23381346324,Pinnacle Systems,Denver,Florida,USA,Hot Lead,Facebook Ad,"Price sensitive, needs discount",2024-02-09
Lucas Hernandez,lucas.hernandez10@example.com,+18559063051,Vertex Digital,Paris,Ile-de-France,France,Pending,LinkedIn,Requested proposal,2025-08-06
Rohan Patel,rohan.patel11@example.com,+89878034733,QuantumLeap AI,Tokyo,Tokyo,Japan,Did Not Connect,LinkedIn,Follow up after webinar,2025-09-04
Sara Martin,sara.martin12@example.com,+39665172821,CyberPulse,Amsterdam,North Holland,Netherlands,Pending,Google Ads,,2024-03-27
Anika Brown,anika.brown13@example.com,+19189675108,MetaVerse Labs,Kolkata,West Bengal,India,Sale Done,Walk-in,Cold lead from conference,2026-10-21
Aisha Johnson,aisha.johnson14@example.com,+28986979750,NexGen Software,Jaipur,Uttar Pradesh,India,Bad Lead,Email Campaign,,2024-06-23
Mia White,mia.white15@example.com,,NetPrime Solutions,Tokyo,Tokyo,Japan,Interested,Google Ads,,2024-08-15
Arjun Thomas,arjun.thomas16@example.com,+57472803858,AlphaWave Tech,Sydney,NSW,Australia,Warm Lead,Google Ads,Asked about SLA,2024-01-07
Krishna Mishra,krishna.mishra17@example.com,+85224307440,NetPrime Solutions,Toronto,Ontario,Canada,Cold Lead,Trade Show,,2026-04-06
Olivia Jones,olivia.jones18@example.com,+81705240103,MetaVerse Labs,Lucknow,Kerala,India,Interested,Email Campaign,Interested in API access,2024-04-17
Amelia Malhotra,amelia.malhotra19@example.com,+69853665775,OmniTech,Toronto,Ontario,Canada,Good Lead - Follow Up,Website,Referred by existing customer,2024-09-15
Aisha Mehta,aisha.mehta20@example.com,+66443897194,FutureStack,Bangalore,Tamil Nadu,India,Did Not Connect,Email Campaign,"Budget approved, ready to buy",2026-05-01
Myra Reddy,myra.reddy21@example.com,+61979503210,NexGen Software,Miami,Georgia,USA,Did Not Connect,Instagram,Referred by existing customer,2026-05-18
Nisha Nair,nisha.nair22@example.com,+55837049553,SwiftLogic,Miami,Georgia,USA,Interested,Instagram,Comparing with competitor,2024-07-23
Aadhya Brown,aadhya.brown23@example.com,+49895516260,LinkBridge,Delhi,Karnataka,India,Hot Lead,Referral,,2025-05-01
Pooja Chowdhury,pooja.chowdhury24@example.com,+64721859772,NexGen Software,Sydney,NSW,Australia,Hot Lead,Trade Show,,2025-03-27
Ava Garcia,ava.garcia25@example.com,+53911568877,InnovateTech,Paris,Ile-de-France,France,Cold Lead,Trade Show,Follow up after webinar,2024-05-04
Arjun Sharma,arjun.sharma26@example.com,+13119249657,KnowledgeHub,Singapore,Central,UAE,Sale Done,Walk-in,Asked about pricing for enterprise,2026-04-16
Aarav Miller,aarav.miller27@example.com,+58075714406,HyperLoop Tech,Paris,Ile-de-France,France,Cold Lead,Email Campaign,,2025-11-23
Harper Thomas,harper.thomas28@example.com,+18179411008,LinkBridge,Kolkata,West Bengal,India,Converted,Trade Show,Wants case studies,2026-06-26
Diya Thomas,diya.thomas29@example.com,+59259262822,CloudNine Inc,Dubai,Dubai,UAE,Sale Done,Email Campaign,,2024-12-04
James White,james.white30@example.com,+56903858830,InnovateTech,Kolkata,West Bengal,India,Converted,Google Ads,,2025-05-16
Benjamin Mishra,benjamin.mishra31@example.com,,SynergyStack,Portland,Oregon,USA,Warm Lead,Facebook Ad,,2026-12-25
Aadhya Desai,aadhya.desai32@example.com,+78841493258,KnowledgeHub,Chicago,Illinois,USA,Pending,Twitter,Interested in API access,2024-11-04
Noah Sinha,noah.sinha33@example.com,+47093544510,CodeCraft Labs,Chennai,Telangana,India,Did Not Connect,Google Ads,Decision maker identified,2025-05-14
Krishna Garcia,krishna.garcia34@example.com,+38329640440,BrightPath Technologies,Jaipur,Uttar Pradesh,India,Bad Lead,Referral,Follow up after webinar,2024-02-26
Isabella Jones,isabella.jones35@example.com,+84868413203,InnovateTech,Seattle,Washington,USA,Bad Lead,Instagram,Asked about SLA,2024-04-21
Emma Chatterjee,emma.chatterjee36@example.com,,QuantumLeap AI,Portland,Oregon,USA,Bad Lead,Referral,Requested proposal,2024-08-08
Riya Patel,riya.patel37@example.com,+23012925158,HyperLoop Tech,San Francisco,California,USA,Pending,Facebook Ad,Asked about integration options,2024-11-02
Liam Miller,liam.miller38@example.com,,LinkBridge,Delhi,Karnataka,India,Warm Lead,Trade Show,Interested in API access,2024-02-28
Arjun Rao,arjun.rao39@example.com,+23232393459,FutureStack,Portland,Oregon,USA,Hot Lead,Facebook Ad,Requested proposal,2026-11-16
Riya Smith,riya.smith40@example.com,+83626283030,InnovateTech,Paris,Ile-de-France,France,Pending,Referral,Wants case studies,2024-08-17
Vivaan Patel,vivaan.patel41@example.com,+86421860991,KnowledgeHub,Tokyo,Tokyo,Japan,Did Not Connect,Email Campaign,Comparing with competitor,2025-09-14
Sai Lopez,sai.lopez42@example.com,+24734249325,CloudNine Inc,Kolkata,West Bengal,India,Cold Lead,Twitter,Interested in premium plan,2025-03-20
Alexander Patel,alexander.patel43@example.com,+31295150818,SynergyStack,Barcelona,Catalonia,Spain,Interested,LinkedIn,Referred by existing customer,2025-11-02
Krishna Kapoor,krishna.kapoor44@example.com,+63858415919,InfoEdge,Los Angeles,Texas,USA,Did Not Connect,Email Campaign,Interested in premium plan,2026-07-06
Isabella Brown,isabella.brown45@example.com,+69632573420,CodeCraft Labs,Seattle,Washington,USA,Hot Lead,Twitter,,2024-07-27
Isabella Nair,isabella.nair46@example.com,+55836689383,OmniTech,Boston,Colorado,USA,Sale Done,Instagram,Needs demo scheduled,2025-11-13
Olivia White,olivia.white47@example.com,+45761791004,SwiftLogic,Bangalore,Tamil Nadu,India,Did Not Connect,Trade Show,Wants case studies,2026-12-28
Mason Desai,mason.desai48@example.com,+41698280147,InfoEdge,Paris,Ile-de-France,France,Cold Lead,Trade Show,,2024-10-04
Emma Chatterjee,emma.chatterjee49@example.com,+41997327191,Vertex Digital,Chennai,Telangana,India,Hot Lead,Instagram,,2024-01-21
Benjamin Lopez,benjamin.lopez50@example.com,+68279334454,NexGen Software,Chicago,Illinois,USA,Sale Done,LinkedIn,,2024-02-12
Vivaan Jones,vivaan.jones51@example.com,,Apex Innovations,San Francisco,California,USA,Sale Done,Email Campaign,Requested proposal,2026-12-16
Vivaan Anderson,vivaan.anderson52@example.com,+67702833085,NeuralNet Corp,Ahmedabad,Rajasthan,India,Converted,Walk-in,Asked about pricing for enterprise,2024-11-11
Sophia Mehta,sophia.mehta53@example.com,+62397470052,FutureStack,Portland,Oregon,USA,Converted,Google Ads,Referred by existing customer,2025-06-24
William Martinez,william.martinez54@example.com,+72217141479,DigitalForge,Austin,Massachusetts,USA,Good Lead - Follow Up,Email Campaign,Needs demo scheduled,2024-12-15
William Verma,william.verma55@example.com,,FusionWorks,Kolkata,West Bengal,India,Sale Done,Instagram,"Budget approved, ready to buy",2025-05-11
Aditya Brown,aditya.brown56@example.com,+75564458516,Apex Innovations,Dubai,Dubai,UAE,Sale Done,Facebook Ad,,2024-05-03
Rohan Hernandez,rohan.hernandez57@example.com,,CyberPulse,London,England,UK,Good Lead - Follow Up,LinkedIn,Asked about integration options,2024-05-05
Krishna Kumar,krishna.kumar58@example.com,+74917821327,AlphaWave Tech,Austin,Massachusetts,USA,Interested,Facebook Ad,"Price sensitive, needs discount",2025-10-19
Sai Jones,sai.jones59@example.com,+79302002798,EcoTech Global,Los Angeles,Texas,USA,Hot Lead,Referral,Interested in API access,2026-01-25
Mia Chatterjee,mia.chatterjee60@example.com,+62338030328,NeuralNet Corp,Ahmedabad,Rajasthan,India,Cold Lead,Referral,,2025-10-05
Aisha Martinez,aisha.martinez61@example.com,+41628614919,LinkBridge,Denver,Florida,USA,Bad Lead,Walk-in,Follow up after webinar,2025-01-12
Vihaan Sinha,vihaan.sinha62@example.com,+73255309731,FusionWorks,Bangalore,Tamil Nadu,India,Warm Lead,Trade Show,Comparing with competitor,2025-10-09
Liam Thomas,liam.thomas63@example.com,+51652063862,FutureStack,Miami,Georgia,USA,Converted,Website,Asked about SLA,2026-02-06
Sai Martin,sai.martin64@example.com,+14564252602,MetaVerse Labs,Mumbai,Maharashtra,India,Pending,Website,,2025-07-15
Riya Kumar,riya.kumar65@example.com,+19867740995,CodeCraft Labs,Los Angeles,Texas,USA,Sale Done,Referral,Asked about integration options,2026-11-14
Liam Reddy,liam.reddy66@example.com,,NeuralNet Corp,Toronto,Ontario,Canada,Sale Done,Walk-in,,2026-09-19
Sara Mehta,sara.mehta67@example.com,+42082390052,OmniTech,Singapore,Central,UAE,Pending,Instagram,Interested in premium plan,2024-11-22
Riya Williams,riya.williams68@example.com,,CyberPulse,Mumbai,Maharashtra,India,Warm Lead,Walk-in,,2026-10-17
Riya White,riya.white69@example.com,+44483832164,PixelPerfect,Barcelona,Catalonia,Spain,Bad Lead,Website,Interested in premium plan,2024-08-27
Nisha Thompson,nisha.thompson70@example.com,+61711000701,MetaVerse Labs,Delhi,Karnataka,India,Bad Lead,Trade Show,Needs demo scheduled,2026-03-23
Arjun Miller,arjun.miller71@example.com,+45148684405,DigitalForge,Pune,Gujarat,India,Cold Lead,Email Campaign,Interested in API access,2026-04-05
William Jackson,william.jackson72@example.com,+82368827500,InfoEdge,Bangalore,Tamil Nadu,India,Warm Lead,Twitter,Cold lead from conference,2026-01-13
Ava Martinez,ava.martinez73@example.com,+72774027042,JetSet Digital,Ahmedabad,Rajasthan,India,Hot Lead,Twitter,Wants case studies,2026-07-23
Ishaan Jones,ishaan.jones74@example.com,,FutureStack,Jaipur,Uttar Pradesh,India,Bad Lead,Walk-in,Looking for team plan,2025-07-11
Ella Davis,ella.davis75@example.com,+85547869613,SwiftLogic,Ahmedabad,Rajasthan,India,Did Not Connect,Walk-in,Asked about integration options,2026-03-25
Noah Gupta,noah.gupta76@example.com,+23133741966,Apex Innovations,Austin,Massachusetts,USA,Interested,Facebook Ad,Asked about integration options,2024-12-02
Emma Chowdhury,emma.chowdhury77@example.com,+78215979437,EcoTech Global,Tokyo,Tokyo,Japan,Sale Done,Trade Show,Requested callback next week,2025-01-18
Amelia Sinha,amelia.sinha78@example.com,+59892850773,BrightPath Technologies,New York,New York,USA,Did Not Connect,LinkedIn,Referred by existing customer,2024-11-25
Olivia Chatterjee,olivia.chatterjee79@example.com,+61381904508,QuantumLeap AI,Chicago,Illinois,USA,Good Lead - Follow Up,Google Ads,"Price sensitive, needs discount",2024-12-06
Lucas Desai,lucas.desai80@example.com,,JetSet Digital,Kolkata,West Bengal,India,Interested,Twitter,,2024-03-06
Benjamin Chatterjee,benjamin.chatterjee81@example.com,+47971074507,Vertex Digital,New York,New York,USA,Cold Lead,Website,"Trial user, needs upgrade nudge",2025-02-21
Myra Chatterjee,myra.chatterjee82@example.com,+84302613248,PixelPerfect,Austin,Massachusetts,USA,Hot Lead,LinkedIn,Requested callback next week,2026-02-23
Sai Sinha,sai.sinha83@example.com,+24929637850,NeuralNet Corp,Berlin,Bavaria,Germany,Bad Lead,LinkedIn,,2026-07-11
Ananya Davis,ananya.davis84@example.com,+84758442285,CloudNine Inc,Ahmedabad,Rajasthan,India,Pending,Twitter,,2026-09-03
Aisha Joshi,aisha.joshi85@example.com,+43079167630,InfoEdge,Amsterdam,North Holland,Netherlands,Sale Done,Facebook Ad,Asked about integration options,2026-10-21
Myra Sinha,myra.sinha86@example.com,+51094410287,Pinnacle Systems,Chennai,Telangana,India,Sale Done,Website,,2024-12-11
Ella Mehta,ella.mehta87@example.com,+49086229030,Pinnacle Systems,Bangalore,Tamil Nadu,India,Did Not Connect,Trade Show,,2026-02-27
Aditya Rao,aditya.rao88@example.com,+24573349972,LinkBridge,Chennai,Telangana,India,Good Lead - Follow Up,Website,Requested callback next week,2026-03-03
Sophia Anderson,sophia.anderson89@example.com,+51462875224,InnovateTech,Lucknow,Kerala,India,Pending,Facebook Ad,Asked about pricing for enterprise,2025-12-17
William Singh,william.singh90@example.com,+43528438929,GrowEasy,Singapore,Central,UAE,Interested,Referral,,2024-07-05
Olivia Patel,olivia.patel91@example.com,+13377886237,QuantumLeap AI,Boston,Colorado,USA,Pending,Twitter,Asked about SLA,2026-09-04
Alexander Moore,alexander.moore92@example.com,+57161063721,JetSet Digital,Sydney,NSW,Australia,Pending,Website,,2026-07-04
Sai Williams,sai.williams93@example.com,+15311899678,BrightPath Technologies,Amsterdam,North Holland,Netherlands,Sale Done,Twitter,Decision maker identified,2025-05-18
Amelia Sharma,amelia.sharma94@example.com,+66003488669,AlphaWave Tech,Amsterdam,North Holland,Netherlands,Hot Lead,Twitter,Wants case studies,2024-03-20
Mason Williams,mason.williams95@example.com,+86814306094,JetSet Digital,Miami,Georgia,USA,Cold Lead,Google Ads,Requested proposal,2026-03-25
Riya Verma,riya.verma96@example.com,+44969847299,Vertex Digital,Dubai,Dubai,UAE,Warm Lead,Instagram,Cold lead from conference,2025-09-07
Ethan Reddy,ethan.reddy97@example.com,+19139259326,DataSphere Analytics,San Francisco,California,USA,Interested,Trade Show,Asked about pricing for enterprise,2025-01-17
Myra Chowdhury,myra.chowdhury98@example.com,+33854273979,DataSphere Analytics,Toronto,Ontario,Canada,Bad Lead,LinkedIn,Follow up after webinar,2026-11-10
Isabella Singh,isabella.singh99@example.com,+83724576923,EcoTech Global,Hyderabad,Delhi,India,Interested,LinkedIn,"Trial user, needs upgrade nudge",2024-03-14
Noah Mehta,noah.mehta100@example.com,+53313534701,CyberPulse,Los Angeles,Texas,USA,Interested,Website,Needs technical evaluation,2025-01-23
Rohan Desai,rohan.desai101@example.com,+83001019432,PixelPerfect,Bangalore,Tamil Nadu,India,Bad Lead,Instagram,,2024-02-01
Ananya Moore,ananya.moore102@example.com,+87044102273,NetPrime Solutions,Lucknow,Kerala,India,Good Lead - Follow Up,Twitter,Comparing with competitor,2026-06-19
Ella Brown,ella.brown103@example.com,+51702399072,CloudNine Inc,Jaipur,Uttar Pradesh,India,Bad Lead,Website,Cold lead from conference,2024-01-27
Vihaan Malhotra,vihaan.malhotra104@example.com,+81239378911,NexGen Software,Chennai,Telangana,India,Did Not Connect,Facebook Ad,Needs technical evaluation,2026-12-05
Aadhya Chatterjee,aadhya.chatterjee105@example.com,+76672556606,LinkBridge,Seattle,Washington,USA,Interested,Twitter,Comparing with competitor,2025-12-16
Ishaan Verma,ishaan.verma106@example.com,+57028123087,FusionWorks,Seattle,Washington,USA,Cold Lead,Walk-in,Wants case studies,2025-03-18
Ayaan Joshi,ayaan.joshi107@example.com,+31202272647,HyperLoop Tech,Ahmedabad,Rajasthan,India,Sale Done,Website,,2026-06-06
Myra Mehta,myra.mehta108@example.com,+18143946092,DigitalForge,San Francisco,California,USA,Hot Lead,LinkedIn,,2024-10-05
Isabella Garcia,isabella.garcia109@example.com,,DigitalForge,Boston,Colorado,USA,Good Lead - Follow Up,Referral,Renewal coming up next month,2025-11-14
Vivaan Desai,vivaan.desai110@example.com,+78103490080,KnowledgeHub,Pune,Gujarat,India,Warm Lead,Email Campaign,,2026-12-19
Noah Patel,noah.patel111@example.com,,QuantumLeap AI,Amsterdam,North Holland,Netherlands,Good Lead - Follow Up,Referral,Follow up after webinar,2025-01-25
Benjamin Jackson,benjamin.jackson112@example.com,+12683776081,QuantumLeap AI,Austin,Massachusetts,USA,Did Not Connect,Facebook Ad,,2024-09-27
Ayaan Martin,ayaan.martin113@example.com,+16438937606,Apex Innovations,Dubai,Dubai,UAE,Cold Lead,Walk-in,Needs technical evaluation,2025-01-16
Mason Taylor,mason.taylor114@example.com,,EcoTech Global,Hyderabad,Delhi,India,Sale Done,Facebook Ad,Wants case studies,2026-07-24
Sophia Williams,sophia.williams115@example.com,+64639885119,QuantumLeap AI,Ahmedabad,Rajasthan,India,Cold Lead,Google Ads,Interested in premium plan,2024-10-12
Ethan Chatterjee,ethan.chatterjee116@example.com,+71729843088,NetPrime Solutions,Ahmedabad,Rajasthan,India,Warm Lead,Website,Asked about pricing for enterprise,2026-08-05
Emma Johnson,emma.johnson117@example.com,+66593535945,PixelPerfect,Singapore,Central,UAE,Sale Done,Walk-in,,2024-12-20
Noah Hernandez,noah.hernandez118@example.com,+23053768056,AlphaWave Tech,Toronto,Ontario,Canada,Converted,Google Ads,Comparing with competitor,2024-02-12
Sai Johnson,sai.johnson119@example.com,+56255416561,AlphaWave Tech,Delhi,Karnataka,India,Converted,Twitter,Interested in API access,2026-01-06
Sophia Smith,sophia.smith120@example.com,+77483616868,QuantumLeap AI,New York,New York,USA,Interested,Twitter,Interested in premium plan,2026-01-17
Michael Hernandez,michael.hernandez121@example.com,+14774565530,Pinnacle Systems,San Francisco,California,USA,Did Not Connect,LinkedIn,Asked about pricing for enterprise,2026-11-13
Noah Sinha,noah.sinha122@example.com,+55207493884,InfoEdge,San Francisco,California,USA,Cold Lead,Trade Show,"Price sensitive, needs discount",2024-02-24
Benjamin Smith,benjamin.smith123@example.com,+48321389868,FusionWorks,Mumbai,Maharashtra,India,Converted,Twitter,Decision maker identified,2024-06-14
Riya Mishra,riya.mishra124@example.com,,DigitalForge,Chennai,Telangana,India,Warm Lead,LinkedIn,Asked about integration options,2024-09-06
Isabella Singh,isabella.singh125@example.com,+21475706280,CyberPulse,Denver,Florida,USA,Warm Lead,Website,Decision maker identified,2025-04-10
Lucas Hernandez,lucas.hernandez126@example.com,,CyberPulse,San Francisco,California,USA,Pending,Facebook Ad,Decision maker identified,2026-03-17
Aarav Chatterjee,aarav.chatterjee127@example.com,+37506429538,CyberPulse,Austin,Massachusetts,USA,Interested,Website,,2025-08-25
Aarav Joshi,aarav.joshi128@example.com,+33568253303,DataSphere Analytics,Chicago,Illinois,USA,Warm Lead,Google Ads,Asked about pricing for enterprise,2026-08-19
Lucas Lopez,lucas.lopez129@example.com,+75671693250,SynergyStack,Delhi,Karnataka,India,Converted,Facebook Ad,Needs technical evaluation,2026-07-12
Olivia Thompson,olivia.thompson130@example.com,+81384201937,MetaVerse Labs,Barcelona,Catalonia,Spain,Bad Lead,Email Campaign,Asked about SLA,2024-07-05
Isabella Jackson,isabella.jackson131@example.com,,BrightPath Technologies,Denver,Florida,USA,Warm Lead,Trade Show,Needs technical evaluation,2025-11-15
Vivaan Desai,vivaan.desai132@example.com,+86101318629,Pinnacle Systems,Boston,Colorado,USA,Did Not Connect,Referral,Renewal coming up next month,2025-03-25
Rohan Sharma,rohan.sharma133@example.com,+19608874828,QuantumLeap AI,Lucknow,Kerala,India,Pending,Trade Show,Needs demo scheduled,2026-10-18
Vihaan Singh,vihaan.singh134@example.com,+38597663023,InfoEdge,Tokyo,Tokyo,Japan,Sale Done,Trade Show,Looking for team plan,2025-06-09
Ishaan Joshi,ishaan.joshi135@example.com,+47677911461,JetSet Digital,Singapore,Central,UAE,Warm Lead,LinkedIn,Interested in API access,2026-09-01
Rohan Verma,rohan.verma136@example.com,,TechVista Solutions,San Francisco,California,USA,Cold Lead,Google Ads,"Price sensitive, needs discount",2024-04-13
Ayaan Patel,ayaan.patel137@example.com,+37461184009,FutureStack,Toronto,Ontario,Canada,Good Lead - Follow Up,Google Ads,Looking for team plan,2026-05-09
Michael Patel,michael.patel138@example.com,,KnowledgeHub,Bangalore,Tamil Nadu,India,Pending,Trade Show,,2026-09-12
Liam Gupta,liam.gupta139@example.com,+62923723201,FutureStack,Austin,Massachusetts,USA,Converted,Trade Show,"Price sensitive, needs discount",2024-11-01
Aisha Patel,aisha.patel140@example.com,+16741354009,BrightPath Technologies,Chennai,Telangana,India,Interested,Facebook Ad,Decision maker identified,2025-04-08
Lucas Williams,lucas.williams141@example.com,+11786653599,MetaVerse Labs,Chicago,Illinois,USA,Good Lead - Follow Up,Walk-in,Needs technical evaluation,2026-07-02
Lucas Thompson,lucas.thompson142@example.com,+56767861560,InfoEdge,London,England,UK,Converted,Trade Show,,2026-04-17
Harper Agarwal,harper.agarwal143@example.com,+52284585587,LinkBridge,Singapore,Central,UAE,Interested,Instagram,,2025-01-13
Diya Thomas,diya.thomas144@example.com,+73735797178,BrightPath Technologies,Berlin,Bavaria,Germany,Cold Lead,Referral,,2026-07-05
William Garcia,william.garcia145@example.com,,BrightPath Technologies,Miami,Georgia,USA,Hot Lead,Walk-in,Interested in premium plan,2026-09-26
Vihaan Jackson,vihaan.jackson146@example.com,+27573211031,MetaVerse Labs,Miami,Georgia,USA,Hot Lead,Email Campaign,Asked about integration options,2024-03-17
Noah Patel,noah.patel147@example.com,+53716812735,DataSphere Analytics,Barcelona,Catalonia,Spain,Converted,Twitter,,2026-06-21
Rohan Joshi,rohan.joshi148@example.com,+43208109825,SwiftLogic,Jaipur,Uttar Pradesh,India,Bad Lead,Instagram,Referred by existing customer,2025-06-23
Liam Gupta,liam.gupta149@example.com,+79269746370,JetSet Digital,Kolkata,West Bengal,India,Cold Lead,Referral,Interested in premium plan,2026-05-13
Riya Kapoor,riya.kapoor150@example.com,,EcoTech Global,London,England,UK,Bad Lead,Trade Show,,2025-11-06
Ethan Moore,ethan.moore151@example.com,+16552804782,DigitalForge,Chennai,Telangana,India,Warm Lead,Twitter,,2026-10-12
Mia White,mia.white152@example.com,+71158621134,Vertex Digital,Chennai,Telangana,India,Bad Lead,Walk-in,Interested in API access,2024-12-19
Benjamin Jackson,benjamin.jackson153@example.com,+29223718352,PixelPerfect,San Francisco,California,USA,Sale Done,Twitter,Wants case studies,2024-06-22
Sai Anderson,sai.anderson154@example.com,+32188503715,InnovateTech,Barcelona,Catalonia,Spain,Did Not Connect,Email Campaign,,2026-05-16
Vihaan Garcia,vihaan.garcia155@example.com,+29868158767,DataSphere Analytics,Portland,Oregon,USA,Hot Lead,Instagram,Needs technical evaluation,2025-11-04
Liam Anderson,liam.anderson156@example.com,+55041827150,KnowledgeHub,Portland,Oregon,USA,Warm Lead,Referral,Follow up after webinar,2026-07-10
Olivia Garcia,olivia.garcia157@example.com,+66702775043,JetSet Digital,Pune,Gujarat,India,Converted,Email Campaign,Requested callback next week,2024-10-19
Ishaan Mishra,ishaan.mishra158@example.com,,PixelPerfect,San Francisco,California,USA,Pending,Website,Needs technical evaluation,2024-08-08
Ella Anderson,ella.anderson159@example.com,+75563419987,Pinnacle Systems,Bangalore,Tamil Nadu,India,Did Not Connect,Email Campaign,Comparing with competitor,2025-12-22
Olivia Rodriguez,olivia.rodriguez160@example.com,+81529867736,NexGen Software,Jaipur,Uttar Pradesh,India,Sale Done,Facebook Ad,,2026-06-08
Benjamin White,benjamin.white161@example.com,+28095216811,SwiftLogic,Mumbai,Maharashtra,India,Warm Lead,Email Campaign,Follow up after webinar,2025-03-11
Myra Sharma,myra.sharma162@example.com,+37581502720,HyperLoop Tech,Toronto,Ontario,Canada,Bad Lead,Facebook Ad,,2025-01-23
Diya Taylor,diya.taylor163@example.com,+31953065041,InnovateTech,Sydney,NSW,Australia,Interested,Facebook Ad,Needs demo scheduled,2026-10-01
Anika Lopez,anika.lopez164@example.com,,Vertex Digital,London,England,UK,Warm Lead,Referral,Requested callback next week,2025-10-01
Krishna Reddy,krishna.reddy165@example.com,,PixelPerfect,San Francisco,California,USA,Bad Lead,Instagram,Cold lead from conference,2026-10-26
Charlotte Desai,charlotte.desai166@example.com,+53365863527,CodeCraft Labs,Tokyo,Tokyo,Japan,Converted,Twitter,Cold lead from conference,2026-08-24
Myra Hernandez,myra.hernandez167@example.com,+34931892405,PixelPerfect,Amsterdam,North Holland,Netherlands,Cold Lead,Facebook Ad,Requested callback next week,2026-06-06
Benjamin Miller,benjamin.miller168@example.com,+54594967344,CodeCraft Labs,Tokyo,Tokyo,Japan,Pending,Trade Show,Asked about integration options,2024-07-13
Krishna Malhotra,krishna.malhotra169@example.com,+13348160451,DataSphere Analytics,Seattle,Washington,USA,Hot Lead,Google Ads,Wants case studies,2024-07-16
Sophia Jackson,sophia.jackson170@example.com,+31009555623,InfoEdge,Barcelona,Catalonia,Spain,Hot Lead,Instagram,,2026-11-08
Ella Sinha,ella.sinha171@example.com,+18697073409,BrightPath Technologies,San Francisco,California,USA,Interested,Instagram,Cold lead from conference,2024-07-12
Krishna Taylor,krishna.taylor172@example.com,+63795798608,SwiftLogic,Pune,Gujarat,India,Hot Lead,Instagram,"Trial user, needs upgrade nudge",2025-02-12
Charlotte Desai,charlotte.desai173@example.com,+52794386490,JetSet Digital,Austin,Massachusetts,USA,Cold Lead,Walk-in,Looking for team plan,2025-10-20
Mia Nair,mia.nair174@example.com,+75682844269,EcoTech Global,Pune,Gujarat,India,Interested,Referral,Follow up after webinar,2024-01-13
Diya Rao,diya.rao175@example.com,,FutureStack,Toronto,Ontario,Canada,Sale Done,Trade Show,Requested callback next week,2024-03-11
Ava Joshi,ava.joshi176@example.com,,PixelPerfect,Miami,Georgia,USA,Warm Lead,Facebook Ad,,2024-11-06
Aditya Mehta,aditya.mehta177@example.com,+21436677479,InnovateTech,Berlin,Bavaria,Germany,Good Lead - Follow Up,LinkedIn,,2024-08-04
Aarav Thomas,aarav.thomas178@example.com,+37302268870,NeuralNet Corp,Barcelona,Catalonia,Spain,Good Lead - Follow Up,Trade Show,Decision maker identified,2026-10-01
Diya Kapoor,diya.kapoor179@example.com,+16445833676,Apex Innovations,Berlin,Bavaria,Germany,Good Lead - Follow Up,Walk-in,,2026-03-12
Alexander Agarwal,alexander.agarwal180@example.com,+51441129155,CloudNine Inc,Austin,Massachusetts,USA,Warm Lead,Twitter,Asked about pricing for enterprise,2024-12-07
Benjamin Agarwal,benjamin.agarwal181@example.com,+49638774236,TechVista Solutions,Denver,Florida,USA,Warm Lead,Referral,Referred by existing customer,2024-02-21
Pooja Davis,pooja.davis182@example.com,+21762080888,CodeCraft Labs,Kolkata,West Bengal,India,Interested,Instagram,Comparing with competitor,2026-07-08
Ananya Agarwal,ananya.agarwal183@example.com,+48987304812,PixelPerfect,Sydney,NSW,Australia,Hot Lead,Facebook Ad,Interested in API access,2026-01-05
Harper Thompson,harper.thompson184@example.com,+73664922398,FutureStack,Sydney,NSW,Australia,Did Not Connect,Referral,,2024-09-24
Ella Sinha,ella.sinha185@example.com,+11983939621,DigitalForge,London,England,UK,Pending,Trade Show,Decision maker identified,2026-02-05
Myra Agarwal,myra.agarwal186@example.com,+57103310209,DataSphere Analytics,London,England,UK,Interested,Facebook Ad,Cold lead from conference,2025-04-28
Emma Desai,emma.desai187@example.com,,GrowEasy,Mumbai,Maharashtra,India,Hot Lead,Referral,Interested in premium plan,2024-01-10
Harper Jackson,harper.jackson188@example.com,+55796500770,OmniTech,Bangalore,Tamil Nadu,India,Interested,Google Ads,,2024-06-26
Aisha Lopez,aisha.lopez189@example.com,+73417101383,FusionWorks,Los Angeles,Texas,USA,Bad Lead,Trade Show,Asked about integration options,2024-10-26
Ella Johnson,ella.johnson190@example.com,+82347790770,NexGen Software,Austin,Massachusetts,USA,Did Not Connect,Trade Show,"Trial user, needs upgrade nudge",2026-08-12
Mason Nair,mason.nair191@example.com,+51911045031,DigitalForge,Jaipur,Uttar Pradesh,India,Good Lead - Follow Up,Walk-in,Referred by existing customer,2025-07-16
Pooja Nair,pooja.nair192@example.com,+52286486587,JetSet Digital,Austin,Massachusetts,USA,Converted,Facebook Ad,,2025-05-23
Mia Miller,mia.miller193@example.com,+22303212683,CloudNine Inc,Chennai,Telangana,India,Pending,Website,Asked about integration options,2024-04-11
Ayaan Garcia,ayaan.garcia194@example.com,,TechVista Solutions,Austin,Massachusetts,USA,Did Not Connect,Instagram,Interested in premium plan,2024-06-01
Aisha Brown,aisha.brown195@example.com,,AlphaWave Tech,Kolkata,West Bengal,India,Hot Lead,Google Ads,Wants case studies,2024-07-10
Charlotte Kapoor,charlotte.kapoor196@example.com,+43217540684,BrightPath Technologies,Austin,Massachusetts,USA,Did Not Connect,LinkedIn,Wants case studies,2025-07-11
Benjamin Singh,benjamin.singh197@example.com,+67672208471,DigitalForge,Berlin,Bavaria,Germany,Warm Lead,Email Campaign,Wants case studies,2024-10-04
Riya Martinez,riya.martinez198@example.com,+52391961693,QuantumLeap AI,Lucknow,Kerala,India,Converted,Walk-in,,2025-07-02
Sara White,sara.white199@example.com,+25017533526,CodeCraft Labs,Sydney,NSW,Australia,Warm Lead,LinkedIn,"Budget approved, ready to buy",2026-06-15
James Williams,james.williams200@example.com,+58011668852,Vertex Digital,Mumbai,Maharashtra,India,Bad Lead,Google Ads,Follow up after webinar,2026-11-06
Ava Patel,ava.patel201@example.com,+75408717300,CodeCraft Labs,Denver,Florida,USA,Cold Lead,Email Campaign,,2026-09-07
Nisha Rodriguez,nisha.rodriguez202@example.com,+31235862721,InnovateTech,Amsterdam,North Holland,Netherlands,Bad Lead,Twitter,,2026-08-01
Harper Smith,harper.smith203@example.com,+86913128902,TechVista Solutions,Miami,Georgia,USA,Good Lead - Follow Up,Walk-in,Asked about pricing for enterprise,2026-09-21
Arjun Johnson,arjun.johnson204@example.com,+37748654787,TechVista Solutions,Seattle,Washington,USA,Did Not Connect,Facebook Ad,Requested proposal,2024-05-03
Alexander Taylor,alexander.taylor205@example.com,+79106373031,SwiftLogic,Toronto,Ontario,Canada,Warm Lead,Instagram,,2024-09-23
Emma Verma,emma.verma206@example.com,+56326535286,QuantumLeap AI,Jaipur,Uttar Pradesh,India,Bad Lead,Facebook Ad,Asked about SLA,2024-05-25
Krishna Garcia,krishna.garcia207@example.com,+66834037089,NetPrime Solutions,Paris,Ile-de-France,France,Pending,Facebook Ad,Renewal coming up next month,2026-03-20
Mason Rao,mason.rao208@example.com,+35931685138,LinkBridge,Sydney,NSW,Australia,Hot Lead,Twitter,,2025-04-22
Liam Patel,liam.patel209@example.com,,SwiftLogic,Seattle,Washington,USA,Converted,Referral,Requested callback next week,2024-07-03
Sara Williams,sara.williams210@example.com,,KnowledgeHub,Paris,Ile-de-France,France,Warm Lead,Trade Show,Comparing with competitor,2025-05-03
Vihaan Mishra,vihaan.mishra211@example.com,,DataSphere Analytics,Amsterdam,North Holland,Netherlands,Pending,Email Campaign,Needs demo scheduled,2024-11-15
Alexander Thomas,alexander.thomas212@example.com,+54012801367,AlphaWave Tech,Berlin,Bavaria,Germany,Hot Lead,Walk-in,,2024-08-26
Alexander Iyer,alexander.iyer213@example.com,+32829403227,CyberPulse,San Francisco,California,USA,Did Not Connect,Trade Show,,2024-04-21
Sara Johnson,sara.johnson214@example.com,+29272078551,CodeCraft Labs,Los Angeles,Texas,USA,Pending,Referral,,2025-11-15
Ava Sinha,ava.sinha215@example.com,+19288336887,EcoTech Global,Boston,Colorado,USA,Bad Lead,Twitter,,2025-01-17
Vihaan Rao,vihaan.rao216@example.com,,AlphaWave Tech,Kolkata,West Bengal,India,Interested,Google Ads,,2026-09-15
Noah Hernandez,noah.hernandez217@example.com,+57108339326,BrightPath Technologies,Jaipur,Uttar Pradesh,India,Interested,Facebook Ad,,2026-02-22
Lucas Sinha,lucas.sinha218@example.com,+64278265866,OmniTech,New York,New York,USA,Warm Lead,Referral,Looking for team plan,2025-11-14
Vihaan Agarwal,vihaan.agarwal219@example.com,+71097380255,NeuralNet Corp,Pune,Gujarat,India,Cold Lead,Instagram,Referred by existing customer,2024-01-02
Krishna Malhotra,krishna.malhotra220@example.com,+84659615851,SwiftLogic,Delhi,Karnataka,India,Did Not Connect,Google Ads,Referred by existing customer,2025-10-04
Pooja Sinha,pooja.sinha221@example.com,+79678635569,SwiftLogic,Ahmedabad,Rajasthan,India,Converted,LinkedIn,,2024-11-01
Riya Thompson,riya.thompson222@example.com,+53479530010,OmniTech,Amsterdam,North Holland,Netherlands,Good Lead - Follow Up,Facebook Ad,Referred by existing customer,2024-03-21
Ayaan Joshi,ayaan.joshi223@example.com,+32732713606,AlphaWave Tech,Chennai,Telangana,India,Good Lead - Follow Up,LinkedIn,Renewal coming up next month,2024-09-20
Benjamin Johnson,benjamin.johnson224@example.com,+46707579666,QuantumLeap AI,Jaipur,Uttar Pradesh,India,Pending,Website,Requested proposal,2025-09-22
Emma Mehta,emma.mehta225@example.com,+41307102413,QuantumLeap AI,Austin,Massachusetts,USA,Pending,Walk-in,"Price sensitive, needs discount",2026-03-09
Mia Rao,mia.rao226@example.com,+44482103011,Vertex Digital,Toronto,Ontario,Canada,Did Not Connect,Instagram,Requested callback next week,2026-04-28
William Taylor,william.taylor227@example.com,+76925582527,FutureStack,Jaipur,Uttar Pradesh,India,Cold Lead,Trade Show,Follow up after webinar,2024-03-27
Michael Jackson,michael.jackson228@example.com,,FusionWorks,Denver,Florida,USA,Bad Lead,LinkedIn,Comparing with competitor,2025-03-09
Sara Taylor,sara.taylor229@example.com,,KnowledgeHub,Tokyo,Tokyo,Japan,Warm Lead,Google Ads,Interested in API access,2024-05-13
Vivaan Joshi,vivaan.joshi230@example.com,,EcoTech Global,Denver,Florida,USA,Pending,Google Ads,Interested in premium plan,2026-06-19
Alexander Lopez,alexander.lopez231@example.com,+44515998810,TechVista Solutions,Portland,Oregon,USA,Sale Done,Facebook Ad,"Budget approved, ready to buy",2025-09-03
Pooja Singh,pooja.singh232@example.com,+46025205185,FusionWorks,Ahmedabad,Rajasthan,India,Hot Lead,LinkedIn,Referred by existing customer,2025-07-02
William Thompson,william.thompson233@example.com,+78899198656,NexGen Software,London,England,UK,Hot Lead,Instagram,,2026-04-28
Riya Jackson,riya.jackson234@example.com,+26859414362,HyperLoop Tech,Delhi,Karnataka,India,Did Not Connect,Instagram,,2026-12-06
Alexander Sinha,alexander.sinha235@example.com,+14573899734,CodeCraft Labs,Paris,Ile-de-France,France,Bad Lead,Twitter,"Budget approved, ready to buy",2025-08-22
Noah Sharma,noah.sharma236@example.com,+57997863009,QuantumLeap AI,New York,New York,USA,Hot Lead,Website,Asked about SLA,2026-01-03
Krishna Rao,krishna.rao237@example.com,+67689431326,Apex Innovations,Kolkata,West Bengal,India,Warm Lead,Walk-in,Requested callback next week,2026-04-12
Emma Singh,emma.singh238@example.com,+81716645001,SynergyStack,San Francisco,California,USA,Hot Lead,Trade Show,Renewal coming up next month,2024-02-22
Nisha Kapoor,nisha.kapoor239@example.com,+86281236000,NeuralNet Corp,Tokyo,Tokyo,Japan,Good Lead - Follow Up,LinkedIn,Looking for team plan,2026-08-01
Mia Jackson,mia.jackson240@example.com,,CloudNine Inc,Sydney,NSW,Australia,Pending,Instagram,,2024-08-19
Vihaan Taylor,vihaan.taylor241@example.com,,MetaVerse Labs,Kolkata,West Bengal,India,Sale Done,Google Ads,,2026-02-08
Aisha Garcia,aisha.garcia242@example.com,+27307946310,KnowledgeHub,Dubai,Dubai,UAE,Sale Done,Twitter,,2026-01-02
Ava Thomas,ava.thomas243@example.com,+74259187112,InnovateTech,Singapore,Central,UAE,Did Not Connect,Facebook Ad,,2024-06-15
Ella Jones,ella.jones244@example.com,+27322493302,EcoTech Global,New York,New York,USA,Sale Done,LinkedIn,Wants case studies,2026-07-11
Krishna Thomas,krishna.thomas245@example.com,+45423987064,SwiftLogic,Lucknow,Kerala,India,Interested,Trade Show,Comparing with competitor,2026-02-06
William Kapoor,william.kapoor246@example.com,+47646057261,NexGen Software,Tokyo,Tokyo,Japan,Sale Done,Email Campaign,Interested in premium plan,2025-12-17
Vihaan Williams,vihaan.williams247@example.com,+58825800006,PixelPerfect,Mumbai,Maharashtra,India,Good Lead - Follow Up,Walk-in,Follow up after webinar,2024-09-08
Aisha Smith,aisha.smith248@example.com,+16104904555,AlphaWave Tech,Bangalore,Tamil Nadu,India,Cold Lead,Facebook Ad,"Price sensitive, needs discount",2026-10-17
Alexander Chatterjee,alexander.chatterjee249@example.com,+38396877215,SwiftLogic,Denver,Florida,USA,Sale Done,Email Campaign,Referred by existing customer,2025-04-26
Diya Verma,diya.verma250@example.com,+85325553854,Pinnacle Systems,Tokyo,Tokyo,Japan,Good Lead - Follow Up,Google Ads,,2025-10-14
Olivia Mehta,olivia.mehta251@example.com,+56611848608,DigitalForge,New York,New York,USA,Hot Lead,Email Campaign,,2026-11-07
Aditya Mehta,aditya.mehta252@example.com,+47955711976,BrightPath Technologies,Tokyo,Tokyo,Japan,Did Not Connect,Trade Show,Referred by existing customer,2025-09-07
Rohan Jones,rohan.jones253@example.com,+43045403774,OmniTech,Toronto,Ontario,Canada,Bad Lead,Facebook Ad,Referred by existing customer,2024-02-02
Olivia Agarwal,olivia.agarwal254@example.com,+21464377987,FusionWorks,Lucknow,Kerala,India,Converted,Website,,2024-04-17
James Jackson,james.jackson255@example.com,+26833859213,KnowledgeHub,Los Angeles,Texas,USA,Interested,Website,Asked about pricing for enterprise,2025-11-12
Pooja Desai,pooja.desai256@example.com,+54403949935,MetaVerse Labs,Austin,Massachusetts,USA,Did Not Connect,Email Campaign,,2024-05-02
Rohan Miller,rohan.miller257@example.com,+36007945939,OmniTech,Paris,Ile-de-France,France,Sale Done,LinkedIn,,2026-09-22
Alexander Malhotra,alexander.malhotra258@example.com,,EcoTech Global,Paris,Ile-de-France,France,Interested,Referral,Renewal coming up next month,2024-08-18
Harper Iyer,harper.iyer259@example.com,+14584183928,PixelPerfect,Pune,Gujarat,India,Hot Lead,LinkedIn,Requested proposal,2026-04-15
Nisha Iyer,nisha.iyer260@example.com,+32797835614,Vertex Digital,Amsterdam,North Holland,Netherlands,Hot Lead,Referral,,2024-01-21
Michael Anderson,michael.anderson261@example.com,,SwiftLogic,Barcelona,Catalonia,Spain,Warm Lead,Instagram,Comparing with competitor,2025-08-20
Riya Garcia,riya.garcia262@example.com,,CloudNine Inc,Jaipur,Uttar Pradesh,India,Hot Lead,Instagram,Interested in premium plan,2025-08-07
Noah Davis,noah.davis263@example.com,+36436402706,Pinnacle Systems,Barcelona,Catalonia,Spain,Hot Lead,Walk-in,Looking for team plan,2026-11-27
Lucas Thomas,lucas.thomas264@example.com,+27945419769,NexGen Software,Toronto,Ontario,Canada,Sale Done,Walk-in,,2025-09-10
James Iyer,james.iyer265@example.com,+58083727797,QuantumLeap AI,San Francisco,California,USA,Cold Lead,Twitter,"Trial user, needs upgrade nudge",2026-01-27
Sai Reddy,sai.reddy266@example.com,+89102832768,FusionWorks,Los Angeles,Texas,USA,Hot Lead,Trade Show,Asked about integration options,2026-02-20
Vihaan Sinha,vihaan.sinha267@example.com,+71189878121,Pinnacle Systems,New York,New York,USA,Did Not Connect,LinkedIn,Cold lead from conference,2025-07-12
Lucas Gupta,lucas.gupta268@example.com,+14922746239,NexGen Software,Dubai,Dubai,UAE,Hot Lead,Walk-in,Comparing with competitor,2026-02-17
Myra Kumar,myra.kumar269@example.com,+37359266896,DataSphere Analytics,Jaipur,Uttar Pradesh,India,Interested,Website,Asked about SLA,2026-03-19
Isabella Anderson,isabella.anderson270@example.com,,DataSphere Analytics,Chennai,Telangana,India,Bad Lead,Google Ads,Requested callback next week,2024-01-26
Ishaan Mishra,ishaan.mishra271@example.com,+11988084352,JetSet Digital,Dubai,Dubai,UAE,Warm Lead,Email Campaign,,2026-06-20
Amelia Rodriguez,amelia.rodriguez272@example.com,+49712854145,QuantumLeap AI,Toronto,Ontario,Canada,Hot Lead,Trade Show,Interested in premium plan,2025-01-08
Sara Mishra,sara.mishra273@example.com,+38731172787,QuantumLeap AI,Jaipur,Uttar Pradesh,India,Pending,Trade Show,Asked about integration options,2026-10-27
Diya Jones,diya.jones274@example.com,+43064320801,JetSet Digital,Miami,Georgia,USA,Interested,Referral,Requested callback next week,2025-04-03
Aisha Davis,aisha.davis275@example.com,+54888726710,NeuralNet Corp,Chennai,Telangana,India,Pending,Email Campaign,Renewal coming up next month,2025-08-13
Sara Kapoor,sara.kapoor276@example.com,+77374788657,PixelPerfect,Denver,Florida,USA,Good Lead - Follow Up,Instagram,,2025-11-26
Riya Moore,riya.moore277@example.com,+66677664067,Pinnacle Systems,Ahmedabad,Rajasthan,India,Hot Lead,Twitter,Looking for team plan,2025-08-19
Harper Gupta,harper.gupta278@example.com,+41047242377,GrowEasy,Los Angeles,Texas,USA,Sale Done,Instagram,,2024-07-25
Ishaan Patel,ishaan.patel279@example.com,+13718899820,Pinnacle Systems,Paris,Ile-de-France,France,Pending,Twitter,Needs demo scheduled,2024-04-03
Michael Iyer,michael.iyer280@example.com,,CyberPulse,London,England,UK,Hot Lead,Referral,Decision maker identified,2026-02-23
Charlotte Singh,charlotte.singh281@example.com,+66914078846,GrowEasy,Boston,Colorado,USA,Bad Lead,LinkedIn,Follow up after webinar,2025-08-20
Sara Jones,sara.jones282@example.com,+54213950628,PixelPerfect,London,England,UK,Good Lead - Follow Up,Google Ads,Interested in premium plan,2024-04-21
Aisha White,aisha.white283@example.com,+44558422426,CyberPulse,Chennai,Telangana,India,Warm Lead,Email Campaign,,2025-01-22
Emma Jackson,emma.jackson284@example.com,,FusionWorks,Bangalore,Tamil Nadu,India,Pending,Facebook Ad,Requested proposal,2025-02-24
Ishaan Sinha,ishaan.sinha285@example.com,+24118276634,HyperLoop Tech,Dubai,Dubai,UAE,Cold Lead,Email Campaign,Needs demo scheduled,2024-05-23
Aadhya Martinez,aadhya.martinez286@example.com,+79379318023,Apex Innovations,Portland,Oregon,USA,Did Not Connect,LinkedIn,Interested in premium plan,2025-09-08
Vivaan Agarwal,vivaan.agarwal287@example.com,+44197174919,MetaVerse Labs,Miami,Georgia,USA,Sale Done,Twitter,,2026-02-19
William Jackson,william.jackson288@example.com,+47888226063,InfoEdge,Lucknow,Kerala,India,Interested,Referral,Asked about SLA,2026-07-27
Sai Sharma,sai.sharma289@example.com,+28588239175,InfoEdge,Amsterdam,North Holland,Netherlands,Hot Lead,Twitter,Asked about integration options,2024-05-01
Aarav Nair,aarav.nair290@example.com,,BrightPath Technologies,Boston,Colorado,USA,Did Not Connect,Referral,Looking for team plan,2025-08-08
William White,william.white291@example.com,+74317483499,PixelPerfect,Denver,Florida,USA,Sale Done,Website,,2026-12-26
Mason Garcia,mason.garcia292@example.com,+64293593385,Apex Innovations,Chicago,Illinois,USA,Converted,Email Campaign,Needs demo scheduled,2025-03-21
Vihaan Garcia,vihaan.garcia293@example.com,+71909854141,TechVista Solutions,Paris,Ile-de-France,France,Good Lead - Follow Up,Website,"Trial user, needs upgrade nudge",2025-03-20
Sai Malhotra,sai.malhotra294@example.com,+26397098564,QuantumLeap AI,Tokyo,Tokyo,Japan,Interested,Twitter,Looking for team plan,2025-09-28
Aadhya Thomas,aadhya.thomas295@example.com,,FutureStack,Pune,Gujarat,India,Bad Lead,LinkedIn,,2026-12-23
Ananya Agarwal,ananya.agarwal296@example.com,,LinkBridge,Bangalore,Tamil Nadu,India,Converted,Website,Renewal coming up next month,2026-10-02
Aarav Thompson,aarav.thompson297@example.com,+61137875891,SynergyStack,Jaipur,Uttar Pradesh,India,Interested,Email Campaign,Interested in premium plan,2025-07-17
Vihaan Martin,vihaan.martin298@example.com,+72548325328,OmniTech,Dubai,Dubai,UAE,Warm Lead,Trade Show,Interested in API access,2024-10-11
Pooja Johnson,pooja.johnson299@example.com,+66623534225,SynergyStack,Portland,Oregon,USA,Did Not Connect,Facebook Ad,Requested proposal,2025-10-13
Sara Mishra,sara.mishra300@example.com,+33488610606,AlphaWave Tech,Barcelona,Catalonia,Spain,Pending,Website,Requested callback next week,2024-03-20
Riya Rodriguez,riya.rodriguez301@example.com,,GrowEasy,New York,New York,USA,Warm Lead,Email Campaign,Interested in API access,2026-03-18
Aditya Martinez,aditya.martinez302@example.com,+32694773775,Pinnacle Systems,Boston,Colorado,USA,Cold Lead,Email Campaign,Requested proposal,2024-05-26
Alexander Kapoor,alexander.kapoor303@example.com,+23379288108,CloudNine Inc,Boston,Colorado,USA,Pending,Instagram,Requested callback next week,2024-10-17
Riya Kumar,riya.kumar304@example.com,+55233071000,Pinnacle Systems,Mumbai,Maharashtra,India,Pending,Instagram,"Price sensitive, needs discount",2024-07-20
Mason Mishra,mason.mishra305@example.com,+89065348897,SwiftLogic,Barcelona,Catalonia,Spain,Sale Done,Website,Interested in premium plan,2024-11-20
Myra Malhotra,myra.malhotra306@example.com,,Pinnacle Systems,Lucknow,Kerala,India,Hot Lead,Referral,Wants case studies,2025-04-20
Benjamin Williams,benjamin.williams307@example.com,+75898740985,EcoTech Global,Sydney,NSW,Australia,Pending,Walk-in,Interested in API access,2026-12-03
Aadhya Desai,aadhya.desai308@example.com,+14134058351,JetSet Digital,Jaipur,Uttar Pradesh,India,Warm Lead,LinkedIn,"Budget approved, ready to buy",2025-09-11
Aarav Jones,aarav.jones309@example.com,+27324965932,DataSphere Analytics,Denver,Florida,USA,Hot Lead,Website,Comparing with competitor,2026-04-23
Ayaan Mishra,ayaan.mishra310@example.com,+42106167028,PixelPerfect,Jaipur,Uttar Pradesh,India,Sale Done,Facebook Ad,Asked about SLA,2024-09-16
Riya Moore,riya.moore311@example.com,+36053181991,AlphaWave Tech,Sydney,NSW,Australia,Sale Done,Instagram,Comparing with competitor,2026-12-20
Nisha Chatterjee,nisha.chatterjee312@example.com,+89681170909,QuantumLeap AI,San Francisco,California,USA,Bad Lead,Email Campaign,,2024-11-04
Krishna Kapoor,krishna.kapoor313@example.com,+28644525799,SynergyStack,Paris,Ile-de-France,France,Bad Lead,Website,,2025-11-22
Alexander Lopez,alexander.lopez314@example.com,+36145084251,JetSet Digital,Berlin,Bavaria,Germany,Warm Lead,LinkedIn,Looking for team plan,2025-02-14
Alexander Miller,alexander.miller315@example.com,+55028657612,FutureStack,Sydney,NSW,Australia,Pending,Twitter,Asked about SLA,2025-04-19
Emma Rao,emma.rao316@example.com,+39761311795,HyperLoop Tech,Denver,Florida,USA,Warm Lead,Website,"Trial user, needs upgrade nudge",2026-06-28
Amelia Agarwal,amelia.agarwal317@example.com,+64631717761,KnowledgeHub,Ahmedabad,Rajasthan,India,Sale Done,Facebook Ad,"Budget approved, ready to buy",2024-09-16
Amelia Chatterjee,amelia.chatterjee318@example.com,+37201733788,NeuralNet Corp,Sydney,NSW,Australia,Warm Lead,Walk-in,Needs demo scheduled,2024-02-09
Rohan Nair,rohan.nair319@example.com,+38366291916,InnovateTech,Denver,Florida,USA,Bad Lead,Google Ads,,2024-04-09
Mason Lopez,mason.lopez320@example.com,+84759090207,FutureStack,Bangalore,Tamil Nadu,India,Bad Lead,Referral,"Price sensitive, needs discount",2025-12-06
Ella Miller,ella.miller321@example.com,,FusionWorks,Dubai,Dubai,UAE,Good Lead - Follow Up,Referral,,2026-01-22
Lucas Mehta,lucas.mehta322@example.com,,DataSphere Analytics,London,England,UK,Hot Lead,Twitter,,2024-01-06
Krishna Johnson,krishna.johnson323@example.com,+49338689991,TechVista Solutions,Kolkata,West Bengal,India,Sale Done,Facebook Ad,Asked about pricing for enterprise,2024-01-28
Noah Malhotra,noah.malhotra324@example.com,+38916753236,PixelPerfect,Tokyo,Tokyo,Japan,Pending,Website,Looking for team plan,2024-02-04
Aarav Thompson,aarav.thompson325@example.com,+12153846570,TechVista Solutions,Paris,Ile-de-France,France,Hot Lead,Email Campaign,Interested in premium plan,2025-07-20
Amelia Kumar,amelia.kumar326@example.com,+82633494335,DigitalForge,Toronto,Ontario,Canada,Sale Done,LinkedIn,Needs demo scheduled,2026-03-05
Liam Moore,liam.moore327@example.com,+81302779379,EcoTech Global,Amsterdam,North Holland,Netherlands,Pending,Google Ads,,2025-02-13
Vivaan Sinha,vivaan.sinha328@example.com,+75173610912,DigitalForge,Chennai,Telangana,India,Interested,LinkedIn,,2024-02-25
Ava Thomas,ava.thomas329@example.com,+73802522835,DigitalForge,Miami,Georgia,USA,Cold Lead,Email Campaign,"Budget approved, ready to buy",2024-11-24
Mason Malhotra,mason.malhotra330@example.com,+42807356945,AlphaWave Tech,New York,New York,USA,Cold Lead,LinkedIn,"Price sensitive, needs discount",2026-01-19
Ella Chatterjee,ella.chatterjee331@example.com,+85518185632,HyperLoop Tech,Jaipur,Uttar Pradesh,India,Did Not Connect,Instagram,Decision maker identified,2026-06-27
Krishna Martinez,krishna.martinez332@example.com,+44891144605,MetaVerse Labs,Portland,Oregon,USA,Cold Lead,LinkedIn,Asked about pricing for enterprise,2025-02-17
Nisha Chatterjee,nisha.chatterjee333@example.com,,DataSphere Analytics,Tokyo,Tokyo,Japan,Converted,Facebook Ad,"Price sensitive, needs discount",2025-10-03
Rohan Thomas,rohan.thomas334@example.com,+81285071665,SynergyStack,Hyderabad,Delhi,India,Bad Lead,Referral,,2024-07-03
Anika Garcia,anika.garcia335@example.com,+46487388571,JetSet Digital,Pune,Gujarat,India,Interested,Email Campaign,,2024-06-04
Harper Jones,harper.jones336@example.com,+87258338573,NeuralNet Corp,New York,New York,USA,Good Lead - Follow Up,Trade Show,,2025-02-01
Lucas Smith,lucas.smith337@example.com,+86544051231,PixelPerfect,New York,New York,USA,Hot Lead,Referral,Asked about integration options,2025-10-02
Sara Kumar,sara.kumar338@example.com,,NetPrime Solutions,Austin,Massachusetts,USA,Good Lead - Follow Up,Email Campaign,Renewal coming up next month,2025-01-15
Ananya Malhotra,ananya.malhotra339@example.com,+36913028523,QuantumLeap AI,Delhi,Karnataka,India,Pending,LinkedIn,Requested proposal,2025-06-28
Charlotte Verma,charlotte.verma340@example.com,+22333858622,NetPrime Solutions,Denver,Florida,USA,Warm Lead,Referral,,2025-09-25
Myra Moore,myra.moore341@example.com,+17129889734,SynergyStack,Kolkata,West Bengal,India,Converted,Website,Cold lead from conference,2026-09-04
Pooja Patel,pooja.patel342@example.com,+71383299196,QuantumLeap AI,Singapore,Central,UAE,Sale Done,Trade Show,,2026-06-23
Benjamin Malhotra,benjamin.malhotra343@example.com,+19237112007,SwiftLogic,San Francisco,California,USA,Bad Lead,LinkedIn,"Trial user, needs upgrade nudge",2024-07-25
Aadhya Martinez,aadhya.martinez344@example.com,+11006697458,PixelPerfect,Tokyo,Tokyo,Japan,Pending,Walk-in,,2024-10-04
Krishna Patel,krishna.patel345@example.com,+76742841952,KnowledgeHub,Miami,Georgia,USA,Did Not Connect,Email Campaign,Requested callback next week,2026-03-18
Ella Jones,ella.jones346@example.com,,KnowledgeHub,Portland,Oregon,USA,Good Lead - Follow Up,Website,Asked about integration options,2026-05-21
Aadhya Johnson,aadhya.johnson347@example.com,+66772949643,SwiftLogic,Bangalore,Tamil Nadu,India,Sale Done,Email Campaign,Renewal coming up next month,2024-04-14
Diya Nair,diya.nair348@example.com,,OmniTech,Berlin,Bavaria,Germany,Bad Lead,Google Ads,Follow up after webinar,2025-02-27
Lucas Anderson,lucas.anderson349@example.com,+54579019683,GrowEasy,Austin,Massachusetts,USA,Good Lead - Follow Up,Walk-in,Needs demo scheduled,2025-06-23
Myra Singh,myra.singh350@example.com,,HyperLoop Tech,Seattle,Washington,USA,Did Not Connect,Facebook Ad,Asked about pricing for enterprise,2024-11-12
Ananya Reddy,ananya.reddy351@example.com,,DataSphere Analytics,Boston,Colorado,USA,Converted,Instagram,Referred by existing customer,2024-09-09
Aisha Miller,aisha.miller352@example.com,,TechVista Solutions,Toronto,Ontario,Canada,Interested,Walk-in,Requested proposal,2026-09-23
Isabella Agarwal,isabella.agarwal353@example.com,+47736912677,BrightPath Technologies,Toronto,Ontario,Canada,Interested,Email Campaign,"Trial user, needs upgrade nudge",2025-02-13
Benjamin Anderson,benjamin.anderson354@example.com,+36718188941,AlphaWave Tech,New York,New York,USA,Pending,Google Ads,,2025-04-10
Arjun Jones,arjun.jones355@example.com,+53962690402,FusionWorks,Lucknow,Kerala,India,Interested,Instagram,"Trial user, needs upgrade nudge",2025-05-14
William Martin,william.martin356@example.com,+38207725134,JetSet Digital,Los Angeles,Texas,USA,Did Not Connect,Instagram,,2024-08-08
Ananya Gupta,ananya.gupta357@example.com,+17727764668,PixelPerfect,Portland,Oregon,USA,Did Not Connect,Referral,Asked about integration options,2025-03-18
Ayaan Reddy,ayaan.reddy358@example.com,,CyberPulse,Seattle,Washington,USA,Did Not Connect,Facebook Ad,Asked about SLA,2025-02-10
Rohan Hernandez,rohan.hernandez359@example.com,+27041265657,NexGen Software,San Francisco,California,USA,Bad Lead,Google Ads,"Budget approved, ready to buy",2026-07-19
Rohan Jackson,rohan.jackson360@example.com,+36008246902,MetaVerse Labs,Los Angeles,Texas,USA,Good Lead - Follow Up,Google Ads,Interested in premium plan,2026-08-07
Ethan Thompson,ethan.thompson361@example.com,+58157909375,TechVista Solutions,Ahmedabad,Rajasthan,India,Converted,Referral,,2024-01-03
Krishna Sharma,krishna.sharma362@example.com,+78921053855,NexGen Software,Dubai,Dubai,UAE,Converted,Website,"Budget approved, ready to buy",2025-01-02
Ayaan Williams,ayaan.williams363@example.com,+13494013638,Apex Innovations,Barcelona,Catalonia,Spain,Pending,Walk-in,Needs demo scheduled,2025-07-25
Emma Martin,emma.martin364@example.com,+29531213030,PixelPerfect,Sydney,NSW,Australia,Sale Done,Google Ads,Referred by existing customer,2024-08-05
Myra White,myra.white365@example.com,+22765284983,InnovateTech,Amsterdam,North Holland,Netherlands,Pending,Walk-in,,2024-12-09
Myra Brown,myra.brown366@example.com,,FusionWorks,Dubai,Dubai,UAE,Hot Lead,Facebook Ad,,2024-08-07
Mia Martin,mia.martin367@example.com,+37568413021,CodeCraft Labs,Chennai,Telangana,India,Bad Lead,Referral,,2026-01-13
James Jones,james.jones368@example.com,+81525383063,FutureStack,Singapore,Central,UAE,Good Lead - Follow Up,Facebook Ad,Looking for team plan,2024-02-08
Aditya Johnson,aditya.johnson369@example.com,,HyperLoop Tech,Lucknow,Kerala,India,Good Lead - Follow Up,LinkedIn,"Budget approved, ready to buy",2024-03-16
Riya Thompson,riya.thompson370@example.com,+32934746130,NetPrime Solutions,Boston,Colorado,USA,Bad Lead,Facebook Ad,Cold lead from conference,2024-04-05
Riya Nair,riya.nair371@example.com,+53518853417,QuantumLeap AI,New York,New York,USA,Pending,Twitter,Looking for team plan,2024-11-08
Aarav Taylor,aarav.taylor372@example.com,+32389037267,NeuralNet Corp,Toronto,Ontario,Canada,Did Not Connect,Email Campaign,,2026-10-02
Mia Sinha,mia.sinha373@example.com,+87641987882,HyperLoop Tech,Berlin,Bavaria,Germany,Bad Lead,LinkedIn,,2025-04-18
Aadhya Williams,aadhya.williams374@example.com,+89848560277,GrowEasy,Amsterdam,North Holland,Netherlands,Good Lead - Follow Up,Google Ads,Follow up after webinar,2025-04-18
Sai Chowdhury,sai.chowdhury375@example.com,+89338826229,OmniTech,Paris,Ile-de-France,France,Warm Lead,LinkedIn,,2024-03-02
Aisha Miller,aisha.miller376@example.com,+26311535021,NetPrime Solutions,Tokyo,Tokyo,Japan,Good Lead - Follow Up,Facebook Ad,Asked about pricing for enterprise,2025-02-23
Sophia Verma,sophia.verma377@example.com,+62211231153,Vertex Digital,Jaipur,Uttar Pradesh,India,Cold Lead,Facebook Ad,"Trial user, needs upgrade nudge",2026-09-21
Lucas Sinha,lucas.sinha378@example.com,,NexGen Software,Dubai,Dubai,UAE,Interested,LinkedIn,Interested in premium plan,2024-08-20
Ishaan Martin,ishaan.martin379@example.com,+38261767010,CodeCraft Labs,Boston,Colorado,USA,Pending,Trade Show,Follow up after webinar,2026-10-03
Pooja Mehta,pooja.mehta380@example.com,+47442484721,SwiftLogic,Lucknow,Kerala,India,Cold Lead,Instagram,Asked about SLA,2026-04-11
Aditya Patel,aditya.patel381@example.com,+51374631757,LinkBridge,London,England,UK,Warm Lead,Walk-in,,2024-10-22
Michael Malhotra,michael.malhotra382@example.com,+58508440741,JetSet Digital,Kolkata,West Bengal,India,Interested,LinkedIn,,2025-03-20
Arjun Gupta,arjun.gupta383@example.com,+59225824757,SynergyStack,Kolkata,West Bengal,India,Good Lead - Follow Up,Trade Show,Follow up after webinar,2025-09-23
Ella Garcia,ella.garcia384@example.com,+66995835908,Pinnacle Systems,Berlin,Bavaria,Germany,Warm Lead,Walk-in,"Budget approved, ready to buy",2026-06-10
Charlotte Miller,charlotte.miller385@example.com,,GrowEasy,Seattle,Washington,USA,Bad Lead,Facebook Ad,"Budget approved, ready to buy",2026-05-14
Benjamin Brown,benjamin.brown386@example.com,+31804492069,EcoTech Global,Jaipur,Uttar Pradesh,India,Did Not Connect,Facebook Ad,Decision maker identified,2024-04-25
Olivia Thompson,olivia.thompson387@example.com,+61168739531,JetSet Digital,Hyderabad,Delhi,India,Interested,Walk-in,Interested in premium plan,2024-02-27
William Kapoor,william.kapoor388@example.com,+35712004678,Apex Innovations,Jaipur,Uttar Pradesh,India,Did Not Connect,Referral,Wants case studies,2024-02-23
Harper Agarwal,harper.agarwal389@example.com,+75144073968,Vertex Digital,Miami,Georgia,USA,Hot Lead,Website,Asked about SLA,2025-04-20
Aditya Smith,aditya.smith390@example.com,+74271776142,MetaVerse Labs,Mumbai,Maharashtra,India,Sale Done,LinkedIn,"Budget approved, ready to buy",2025-06-07
Mason Rodriguez,mason.rodriguez391@example.com,+66816782142,HyperLoop Tech,Ahmedabad,Rajasthan,India,Hot Lead,Facebook Ad,Asked about integration options,2026-09-27
Ava Sharma,ava.sharma392@example.com,+14573839024,GrowEasy,Jaipur,Uttar Pradesh,India,Hot Lead,Google Ads,Requested callback next week,2025-04-16
Sophia Thomas,sophia.thomas393@example.com,+35882782213,InnovateTech,Denver,Florida,USA,Good Lead - Follow Up,Referral,,2024-11-23
Myra Reddy,myra.reddy394@example.com,+66823381614,DataSphere Analytics,Lucknow,Kerala,India,Pending,Email Campaign,Asked about pricing for enterprise,2025-11-18
Ananya Sinha,ananya.sinha395@example.com,+34006655101,FusionWorks,Los Angeles,Texas,USA,Hot Lead,Referral,Requested proposal,2025-07-19
Aditya Taylor,aditya.taylor396@example.com,+47658981641,Apex Innovations,Boston,Colorado,USA,Interested,Trade Show,Follow up after webinar,2025-07-12
Lucas Mehta,lucas.mehta397@example.com,,SynergyStack,Chennai,Telangana,India,Pending,Walk-in,,2025-04-03
Ava Chowdhury,ava.chowdhury398@example.com,+76286733157,JetSet Digital,Singapore,Central,UAE,Sale Done,Trade Show,,2026-09-28
Mia Agarwal,mia.agarwal399@example.com,+27329812085,TechVista Solutions,Miami,Georgia,USA,Bad Lead,Referral,Interested in premium plan,2025-03-15
Aarav Nair,aarav.nair400@example.com,+17063003348,JetSet Digital,Bangalore,Tamil Nadu,India,Interested,Email Campaign,,2025-01-23
Vihaan Taylor,vihaan.taylor401@example.com,+87883311029,HyperLoop Tech,Kolkata,West Bengal,India,Sale Done,Twitter,Cold lead from conference,2025-11-11
Arjun Jones,arjun.jones402@example.com,+29582946146,Pinnacle Systems,Denver,Florida,USA,Bad Lead,Instagram,,2024-10-08
Myra Jackson,myra.jackson403@example.com,,SynergyStack,San Francisco,California,USA,Bad Lead,Website,Comparing with competitor,2026-12-09
Diya Chowdhury,diya.chowdhury404@example.com,+59427231704,NetPrime Solutions,Toronto,Ontario,Canada,Did Not Connect,LinkedIn,Asked about SLA,2026-08-25
Amelia Rao,amelia.rao405@example.com,+89529051061,SynergyStack,Los Angeles,Texas,USA,Converted,Twitter,Looking for team plan,2024-04-22
Olivia Mehta,olivia.mehta406@example.com,+29563423319,Vertex Digital,Hyderabad,Delhi,India,Good Lead - Follow Up,Walk-in,,2025-09-03
Aarav Jackson,aarav.jackson407@example.com,+15039449198,PixelPerfect,Amsterdam,North Holland,Netherlands,Sale Done,Google Ads,Needs technical evaluation,2026-04-22
William Joshi,william.joshi408@example.com,,KnowledgeHub,Berlin,Bavaria,Germany,Converted,Google Ads,Asked about integration options,2026-12-18
William Malhotra,william.malhotra409@example.com,+37984132769,HyperLoop Tech,Sydney,NSW,Australia,Hot Lead,Walk-in,Comparing with competitor,2025-06-17
Aadhya Patel,aadhya.patel410@example.com,+49334238462,SynergyStack,Paris,Ile-de-France,France,Did Not Connect,Walk-in,Interested in API access,2025-04-24
Liam Joshi,liam.joshi411@example.com,+73805774109,HyperLoop Tech,Sydney,NSW,Australia,Good Lead - Follow Up,Walk-in,,2026-03-03
Noah Agarwal,noah.agarwal412@example.com,+48864201838,InfoEdge,Boston,Colorado,USA,Converted,Twitter,,2025-06-23
Ella Sinha,ella.sinha413@example.com,,NeuralNet Corp,Mumbai,Maharashtra,India,Good Lead - Follow Up,Walk-in,Referred by existing customer,2024-09-17
Krishna Hernandez,krishna.hernandez414@example.com,+33838459923,Vertex Digital,Amsterdam,North Holland,Netherlands,Warm Lead,LinkedIn,Wants case studies,2026-02-23
Arjun Sharma,arjun.sharma415@example.com,+13509879743,InnovateTech,Boston,Colorado,USA,Did Not Connect,Facebook Ad,"Budget approved, ready to buy",2024-11-04
Charlotte Martinez,charlotte.martinez416@example.com,+16397407390,CodeCraft Labs,Los Angeles,Texas,USA,Pending,Instagram,Needs demo scheduled,2026-04-21
Michael Anderson,michael.anderson417@example.com,+44526823134,QuantumLeap AI,London,England,UK,Sale Done,LinkedIn,Interested in premium plan,2024-03-09
Isabella Malhotra,isabella.malhotra418@example.com,+74611684185,GrowEasy,Bangalore,Tamil Nadu,India,Did Not Connect,Email Campaign,Renewal coming up next month,2025-03-11
Krishna Taylor,krishna.taylor419@example.com,+41825445559,LinkBridge,New York,New York,USA,Converted,Facebook Ad,Referred by existing customer,2024-12-23
Nisha Mehta,nisha.mehta420@example.com,+79237912477,PixelPerfect,Seattle,Washington,USA,Sale Done,Walk-in,"Budget approved, ready to buy",2026-01-17
Aditya Jackson,aditya.jackson421@example.com,+22183048227,SynergyStack,London,England,UK,Bad Lead,Walk-in,,2024-02-23
Vivaan Davis,vivaan.davis422@example.com,+55105811522,SynergyStack,Chicago,Illinois,USA,Hot Lead,Website,,2024-06-26
Mason Hernandez,mason.hernandez423@example.com,+19927878398,HyperLoop Tech,Sydney,NSW,Australia,Cold Lead,Website,"Price sensitive, needs discount",2025-11-07
Benjamin Moore,benjamin.moore424@example.com,+55816498626,SwiftLogic,Los Angeles,Texas,USA,Did Not Connect,Google Ads,,2025-11-25
Alexander Sharma,alexander.sharma425@example.com,+47861381634,Vertex Digital,Bangalore,Tamil Nadu,India,Pending,Trade Show,Looking for team plan,2026-08-08
Aarav Williams,aarav.williams426@example.com,+46433722462,EcoTech Global,Dubai,Dubai,UAE,Sale Done,Google Ads,"Trial user, needs upgrade nudge",2025-08-27
Ananya Hernandez,ananya.hernandez427@example.com,,HyperLoop Tech,Los Angeles,Texas,USA,Interested,Twitter,,2025-12-13
Amelia Miller,amelia.miller428@example.com,+68412163897,FutureStack,Hyderabad,Delhi,India,Good Lead - Follow Up,LinkedIn,Asked about integration options,2024-09-08
Anika Desai,anika.desai429@example.com,+56342080302,CodeCraft Labs,London,England,UK,Warm Lead,Facebook Ad,Interested in API access,2026-07-08
Benjamin Verma,benjamin.verma430@example.com,+57762613300,NexGen Software,Seattle,Washington,USA,Warm Lead,Website,Interested in premium plan,2026-05-01
Noah Patel,noah.patel431@example.com,+73903311013,InnovateTech,New York,New York,USA,Pending,Instagram,,2026-09-19
Ananya Gupta,ananya.gupta432@example.com,+85921067923,QuantumLeap AI,Chennai,Telangana,India,Warm Lead,Trade Show,Comparing with competitor,2026-10-09
Ananya Lopez,ananya.lopez433@example.com,+14798720978,GrowEasy,Toronto,Ontario,Canada,Interested,Email Campaign,Cold lead from conference,2024-04-24
Rohan Chatterjee,rohan.chatterjee434@example.com,+61189281679,TechVista Solutions,Seattle,Washington,USA,Hot Lead,Website,Decision maker identified,2026-08-23
James Mishra,james.mishra435@example.com,+34565392831,BrightPath Technologies,Denver,Florida,USA,Bad Lead,Facebook Ad,,2025-11-03
Michael Moore,michael.moore436@example.com,+38207748182,OmniTech,Kolkata,West Bengal,India,Bad Lead,Instagram,,2025-03-21
Ella Kumar,ella.kumar437@example.com,,MetaVerse Labs,Lucknow,Kerala,India,Sale Done,Trade Show,,2025-10-24
Liam Williams,liam.williams438@example.com,+52334267117,CyberPulse,Los Angeles,Texas,USA,Cold Lead,Walk-in,"Trial user, needs upgrade nudge",2024-05-16
Mason Miller,mason.miller439@example.com,+82508746666,FusionWorks,Bangalore,Tamil Nadu,India,Warm Lead,Referral,,2026-08-01
Amelia Chatterjee,amelia.chatterjee440@example.com,,LinkBridge,New York,New York,USA,Cold Lead,Email Campaign,Requested callback next week,2024-02-18
Myra Malhotra,myra.malhotra441@example.com,+85797692772,Vertex Digital,Chennai,Telangana,India,Sale Done,LinkedIn,Wants case studies,2026-01-08
Amelia Gupta,amelia.gupta442@example.com,+59644852982,HyperLoop Tech,London,England,UK,Pending,Facebook Ad,Decision maker identified,2024-06-27
Vivaan Thomas,vivaan.thomas443@example.com,+59477053301,KnowledgeHub,Austin,Massachusetts,USA,Hot Lead,Facebook Ad,Looking for team plan,2026-07-17
Ananya Taylor,ananya.taylor444@example.com,+29579915302,OmniTech,Denver,Florida,USA,Cold Lead,Email Campaign,Cold lead from conference,2026-11-25
Liam Anderson,liam.anderson445@example.com,+73391150038,QuantumLeap AI,Seattle,Washington,USA,Sale Done,Twitter,Requested callback next week,2025-09-15
Liam Reddy,liam.reddy446@example.com,+27927310193,DataSphere Analytics,Lucknow,Kerala,India,Good Lead - Follow Up,Walk-in,Requested callback next week,2024-11-20
Harper White,harper.white447@example.com,+45456233554,GrowEasy,Sydney,NSW,Australia,Sale Done,Instagram,,2024-10-11
Sara Mishra,sara.mishra448@example.com,+13625061601,FutureStack,Portland,Oregon,USA,Did Not Connect,Website,Decision maker identified,2025-03-06
Mason Rao,mason.rao449@example.com,+18712058920,PixelPerfect,Ahmedabad,Rajasthan,India,Good Lead - Follow Up,Facebook Ad,Interested in API access,2025-10-17
Sara Rao,sara.rao450@example.com,,QuantumLeap AI,Kolkata,West Bengal,India,Converted,Google Ads,Wants case studies,2025-11-09
James Singh,james.singh451@example.com,+15546282679,InnovateTech,Dubai,Dubai,UAE,Pending,Walk-in,Needs technical evaluation,2025-09-12
Vivaan Sharma,vivaan.sharma452@example.com,+18641405329,SynergyStack,Amsterdam,North Holland,Netherlands,Bad Lead,Walk-in,Interested in premium plan,2024-05-19
Aisha Joshi,aisha.joshi453@example.com,+75282431121,TechVista Solutions,Paris,Ile-de-France,France,Sale Done,Twitter,Referred by existing customer,2026-10-24
Anika Kapoor,anika.kapoor454@example.com,+71938261530,TechVista Solutions,Singapore,Central,UAE,Hot Lead,Website,Interested in premium plan,2024-10-17
Liam Rodriguez,liam.rodriguez455@example.com,+42836992243,OmniTech,Barcelona,Catalonia,Spain,Interested,Email Campaign,Interested in premium plan,2024-01-08
Aadhya Rodriguez,aadhya.rodriguez456@example.com,+62196661557,Vertex Digital,Miami,Georgia,USA,Warm Lead,Instagram,Looking for team plan,2024-02-13
Aarav Mehta,aarav.mehta457@example.com,+83119573055,CyberPulse,Lucknow,Kerala,India,Cold Lead,Email Campaign,Decision maker identified,2025-11-25
Benjamin Sharma,benjamin.sharma458@example.com,+39973684160,TechVista Solutions,Bangalore,Tamil Nadu,India,Hot Lead,Email Campaign,,2024-08-23
Aisha Hernandez,aisha.hernandez459@example.com,+48658413639,JetSet Digital,Hyderabad,Delhi,India,Good Lead - Follow Up,LinkedIn,Needs technical evaluation,2025-06-26
Ishaan Malhotra,ishaan.malhotra460@example.com,+49343913044,JetSet Digital,Dubai,Dubai,UAE,Hot Lead,Google Ads,,2024-11-02
Amelia Thompson,amelia.thompson461@example.com,+75266599303,MetaVerse Labs,San Francisco,California,USA,Good Lead - Follow Up,LinkedIn,Asked about SLA,2026-07-01
Amelia Johnson,amelia.johnson462@example.com,+76728979024,Apex Innovations,Chennai,Telangana,India,Pending,Walk-in,,2026-01-09
Sophia Martin,sophia.martin463@example.com,+14138298154,MetaVerse Labs,Toronto,Ontario,Canada,Hot Lead,Facebook Ad,,2024-09-07
Nisha Mishra,nisha.mishra464@example.com,+23345320567,OmniTech,Hyderabad,Delhi,India,Hot Lead,Facebook Ad,,2026-08-06
William Thomas,william.thomas465@example.com,+25971418463,LinkBridge,New York,New York,USA,Cold Lead,Referral,Interested in premium plan,2026-09-20
Mason Brown,mason.brown466@example.com,,MetaVerse Labs,Hyderabad,Delhi,India,Bad Lead,Google Ads,,2024-05-21
Ava Kumar,ava.kumar467@example.com,+13265814663,AlphaWave Tech,Los Angeles,Texas,USA,Hot Lead,Facebook Ad,,2026-12-17
Sai Anderson,sai.anderson468@example.com,+63264721326,InnovateTech,Pune,Gujarat,India,Interested,Email Campaign,,2024-09-15
Michael Thomas,michael.thomas469@example.com,+32954005782,MetaVerse Labs,Los Angeles,Texas,USA,Converted,LinkedIn,Comparing with competitor,2024-10-23
Ayaan Thompson,ayaan.thompson470@example.com,+39851747645,KnowledgeHub,London,England,UK,Hot Lead,Website,Requested proposal,2026-10-04
Pooja Thomas,pooja.thomas471@example.com,,AlphaWave Tech,Delhi,Karnataka,India,Converted,Email Campaign,Referred by existing customer,2025-07-07
Riya Verma,riya.verma472@example.com,+13574803288,NeuralNet Corp,Miami,Georgia,USA,Pending,Walk-in,Looking for team plan,2025-11-05
Aisha Thompson,aisha.thompson473@example.com,+41823863441,Vertex Digital,Sydney,NSW,Australia,Sale Done,Referral,"Budget approved, ready to buy",2026-05-11
Rohan Taylor,rohan.taylor474@example.com,+63823143598,SwiftLogic,Ahmedabad,Rajasthan,India,Bad Lead,Referral,Interested in API access,2025-09-26
Aisha Garcia,aisha.garcia475@example.com,,DigitalForge,Austin,Massachusetts,USA,Converted,Instagram,Requested callback next week,2024-01-07
William Davis,william.davis476@example.com,,GrowEasy,Denver,Florida,USA,Bad Lead,Walk-in,,2025-10-05
Alexander Jackson,alexander.jackson477@example.com,+41592885935,MetaVerse Labs,Denver,Florida,USA,Pending,Trade Show,,2025-11-22
Emma Smith,emma.smith478@example.com,+57391688040,DigitalForge,Sydney,NSW,Australia,Warm Lead,LinkedIn,Renewal coming up next month,2024-02-04
Alexander Johnson,alexander.johnson479@example.com,+16916456045,CloudNine Inc,Pune,Gujarat,India,Good Lead - Follow Up,Trade Show,Needs demo scheduled,2025-10-22
Myra Thomas,myra.thomas480@example.com,+41288537848,LinkBridge,Pune,Gujarat,India,Hot Lead,Twitter,Looking for team plan,2024-02-07
Alexander Rodriguez,alexander.rodriguez481@example.com,+39875972549,QuantumLeap AI,Singapore,Central,UAE,Did Not Connect,LinkedIn,Decision maker identified,2024-09-18
Anika Hernandez,anika.hernandez482@example.com,+88929276708,NetPrime Solutions,Berlin,Bavaria,Germany,Good Lead - Follow Up,Twitter,Requested callback next week,2024-01-08
Pooja Thompson,pooja.thompson483@example.com,+61254938162,Pinnacle Systems,Seattle,Washington,USA,Converted,Facebook Ad,Comparing with competitor,2024-09-05
Emma Joshi,emma.joshi484@example.com,+84215385211,InnovateTech,Chennai,Telangana,India,Sale Done,Referral,,2026-05-16
Ayaan Kumar,ayaan.kumar485@example.com,+78085930889,FusionWorks,Mumbai,Maharashtra,India,Cold Lead,Google Ads,Comparing with competitor,2025-03-26
Alexander Anderson,alexander.anderson486@example.com,+52789422011,HyperLoop Tech,Kolkata,West Bengal,India,Interested,Email Campaign,Looking for team plan,2026-09-08
Nisha Hernandez,nisha.hernandez487@example.com,,LinkBridge,Singapore,Central,UAE,Did Not Connect,Referral,Asked about SLA,2025-01-07
Ella Anderson,ella.anderson488@example.com,+28883086096,GrowEasy,Seattle,Washington,USA,Cold Lead,Referral,,2025-12-15
William Jackson,william.jackson489@example.com,+76627628469,TechVista Solutions,London,England,UK,Sale Done,Referral,,2024-07-14
Krishna Smith,krishna.smith490@example.com,,KnowledgeHub,Toronto,Ontario,Canada,Hot Lead,Twitter,,2025-07-28
Amelia Sharma,amelia.sharma491@example.com,+58903655654,Vertex Digital,Sydney,NSW,Australia,Good Lead - Follow Up,Trade Show,Comparing with competitor,2025-05-27
Lucas Martinez,lucas.martinez492@example.com,+12381119058,MetaVerse Labs,Ahmedabad,Rajasthan,India,Sale Done,Referral,Needs demo scheduled,2026-06-26
Ella Desai,ella.desai493@example.com,+82386904376,BrightPath Technologies,Singapore,Central,UAE,Warm Lead,Email Campaign,"Budget approved, ready to buy",2026-10-07
Aisha Verma,aisha.verma494@example.com,+39859793738,PixelPerfect,Los Angeles,Texas,USA,Pending,Twitter,,2026-09-06
Emma Thomas,emma.thomas495@example.com,,LinkBridge,Amsterdam,North Holland,Netherlands,Interested,Trade Show,,2026-06-12
Michael Mishra,michael.mishra496@example.com,,Apex Innovations,Chennai,Telangana,India,Good Lead - Follow Up,Facebook Ad,,2026-12-03
Ishaan Sharma,ishaan.sharma497@example.com,+72422572628,NeuralNet Corp,Miami,Georgia,USA,Cold Lead,Twitter,"Budget approved, ready to buy",2025-10-26
Aadhya Iyer,aadhya.iyer498@example.com,,TechVista Solutions,Paris,Ile-de-France,France,Warm Lead,Facebook Ad,,2024-12-13
Benjamin Davis,benjamin.davis499@example.com,+86127576874,PixelPerfect,Portland,Oregon,USA,Interested,Google Ads,,2024-08-15
Diya Nair,diya.nair500@example.com,,SynergyStack,Austin,Massachusetts,USA,Bad Lead,Twitter,Referred by existing customer,2026-09-27